description,code
"напиши программу на C++ которая выводит 'Hello World'","#include <iostream>\nusing namespace std;\n\nint main() {\n    cout << \"Hello World\" << endl;\n    return 0;\n}"
"создай программу для сложения двух целых чисел вводимых с клавиатуры","#include <iostream>\nusing namespace std;\n\nint main() {\n    int a, b;\n    cout << \"Введите первое число: \";\n    cin >> a;\n    cout << \"Введите второе число: \";\n    cin >> b;\n    cout << \"Сумма: \" << a + b << endl;\n    return 0;\n}"
"напиши программу которая проверяет четное ли число","#include <iostream>\nusing namespace std;\n\nint main() {\n    int num;\n    cout << \"Введите число: \";\n    cin >> num;\n    \n    if (num % 2 == 0) {\n        cout << \"Число четное\" << endl;\n    } else {\n        cout << \"Число нечетное\" << endl;\n    }\n    return 0;\n}"
"создай программу которая находит максимальное из трех чисел","#include <iostream>\nusing namespace std;\n\nint main() {\n    int a, b, c;\n    cout << \"Введите три числа: \";\n    cin >> a >> b >> c;\n    \n    int max = a;\n    if (b > max) max = b;\n    if (c > max) max = c;\n    \n    cout << \"Максимальное: \" << max << endl;\n    return 0;\n}"
"напиши программу которая выводит числа от 1 до 10 используя цикл for","#include <iostream>\nusing namespace std;\n\nint main() {\n    for (int i = 1; i <= 10; i++) {\n        cout << i << \" \";\n    }\n    cout << endl;\n    return 0;\n}"
"создай программу которая вычисляет факториал числа","#include <iostream>\nusing namespace std;\n\nint main() {\n    int n;\n    long long factorial = 1;\n    \n    cout << \"Введите число: \";\n    cin >> n;\n    \n    for (int i = 1; i <= n; i++) {\n        factorial *= i;\n    }\n    \n    cout << \"Факториал \" << n << \" = \" << factorial << endl;\n    return 0;\n}"
"напиши программу которая выводит таблицу умножения","#include <iostream>\nusing namespace std;\n\nint main() {\n    for (int i = 1; i <= 10; i++) {\n        for (int j = 1; j <= 10; j++) {\n            cout << i * j << \"\\t\";\n        }\n        cout << endl;\n    }\n    return 0;\n}"
"создай функцию которая возвращает квадрат числа","#include <iostream>\nusing namespace std;\n\nint square(int x) {\n    return x * x;\n}\n\nint main() {\n    int num;\n    cout << \"Введите число: \";\n    cin >> num;\n    cout << \"Квадрат: \" << square(num) << endl;\n    return 0;\n}"
"напиши программу которая меняет значения двух переменных местами","#include <iostream>\nusing namespace std;\n\nint main() {\n    int a, b, temp;\n    cout << \"Введите a и b: \";\n    cin >> a >> b;\n    \n    temp = a;\n    a = b;\n    b = temp;\n    \n    cout << \"После обмена: a = \" << a << \" b = \" << b << endl;\n    return 0;\n}"
"создай программу которая вычисляет среднее арифметическое трех чисел","#include <iostream>\nusing namespace std;\n\nint main() {\n    double a, b, c;\n    cout << \"Введите три числа: \";\n    cin >> a >> b >> c;\n    \n    double average = (a + b + c) / 3.0;\n    cout << \"Среднее арифметическое: \" << average << endl;\n    return 0;\n}"
"напиши программу которая проверяет является ли год високосным","#include <iostream>\nusing namespace std;\n\nint main() {\n    int year;\n    cout << \"Введите год: \";\n    cin >> year;\n    \n    if ((year % 4 == 0 && year % 100 != 0) || (year % 400 == 0)) {\n        cout << \"Високосный год\" << endl;\n    } else {\n        cout << \"Не високосный год\" << endl;\n    }\n    return 0;\n}"
"создай программу которая выводит все простые числа до N","#include <iostream>\nusing namespace std;\n\nint main() {\n    int n;\n    cout << \"Введите N: \";\n    cin >> n;\n    \n    for (int i = 2; i <= n; i++) {\n        bool is_prime = true;\n        for (int j = 2; j * j <= i; j++) {\n            if (i % j == 0) {\n                is_prime = false;\n                break;\n            }\n        }\n        if (is_prime) {\n            cout << i << \" \";\n        }\n    }\n    cout << endl;\n    return 0;\n}"
"напиши программу которая вычисляет сумму цифр числа","#include <iostream>\nusing namespace std;\n\nint main() {\n    int num, sum = 0;\n    cout << \"Введите число: \";\n    cin >> num;\n    \n    while (num != 0) {\n        sum += num % 10;\n        num /= 10;\n    }\n    \n    cout << \"Сумма цифр: \" << sum << endl;\n    return 0;\n}"
"создай программу которая переворачивает число","#include <iostream>\nusing namespace std;\n\nint main() {\n    int num, reversed = 0;\n    cout << \"Введите число: \";\n    cin >> num;\n    \n    while (num != 0) {\n        reversed = reversed * 10 + num % 10;\n        num /= 10;\n    }\n    \n    cout << \"Перевернутое число: \" << reversed << endl;\n    return 0;\n}"
"напиши программу которая находит НОД двух чисел","#include <iostream>\nusing namespace std;\n\nint main() {\n    int a, b;\n    cout << \"Введите два числа: \";\n    cin >> a >> b;\n    \n    while (b != 0) {\n        int temp = b;\n        b = a % b;\n        a = temp;\n    }\n    \n    cout << \"НОД: \" << a << endl;\n    return 0;\n}"
"создай программу которая вычисляет число Фибоначчи по индексу","#include <iostream>\nusing namespace std;\n\nint fibonacci(int n) {\n    if (n <= 1) return n;\n    return fibonacci(n - 1) + fibonacci(n - 2);\n}\n\nint main() {\n    int n;\n    cout << \"Введите индекс: \";\n    cin >> n;\n    cout << \"Число Фибоначчи: \" << fibonacci(n) << endl;\n    return 0;\n}"
"напиши программу которая работает с массивом из 5 элементов","#include <iostream>\nusing namespace std;\n\nint main() {\n    int arr[5];\n    \n    cout << \"Введите 5 элементов массива: \";\n    for (int i = 0; i < 5; i++) {\n        cin >> arr[i];\n    }\n    \n    cout << \"Массив: \";\n    for (int i = 0; i < 5; i++) {\n        cout << arr[i] << \" \";\n    }\n    cout << endl;\n    return 0;\n}"
"создай программу которая находит минимальный элемент в массиве","#include <iostream>\nusing namespace std;\n\nint main() {\n    int arr[10];\n    \n    cout << \"Введите 10 элементов: \";\n    for (int i = 0; i < 10; i++) {\n        cin >> arr[i];\n    }\n    \n    int min = arr[0];\n    for (int i = 1; i < 10; i++) {\n        if (arr[i] < min) {\n            min = arr[i];\n        }\n    }\n    \n    cout << \"Минимальный элемент: \" << min << endl;\n    return 0;\n}"
"напиши программу которая сортирует массив пузырьком","#include <iostream>\nusing namespace std;\n\nint main() {\n    int arr[5] = {5, 2, 8, 1, 9};\n    int n = 5;\n    \n    for (int i = 0; i < n - 1; i++) {\n        for (int j = 0; j < n - i - 1; j++) {\n            if (arr[j] > arr[j + 1]) {\n                int temp = arr[j];\n                arr[j] = arr[j + 1];\n                arr[j + 1] = temp;\n            }\n        }\n    }\n    \n    cout << \"Отсортированный массив: \";\n    for (int i = 0; i < n; i++) {\n        cout << arr[i] << \" \";\n    }\n    cout << endl;\n    return 0;\n}"
"создай программу которая ищет элемент в массиве","#include <iostream>\nusing namespace std;\n\nint main() {\n    int arr[10] = {1, 5, 8, 12, 15, 20, 25, 30, 35, 40};\n    int target;\n    \n    cout << \"Введите элемент для поиска: \";\n    cin >> target;\n    \n    bool found = false;\n    for (int i = 0; i < 10; i++) {\n        if (arr[i] == target) {\n            cout << \"Элемент найден на позиции \" << i << endl;\n            found = true;\n            break;\n        }\n    }\n    \n    if (!found) {\n        cout << \"Элемент не найден\" << endl;\n    }\n    return 0;\n}"
"напиши программу которая работает со строкой","#include <iostream>\n#include <string>\nusing namespace std;\n\nint main() {\n    string str;\n    cout << \"Введите строку: \";\n    getline(cin, str);\n    \n    cout << \"Длина строки: \" << str.length() << endl;\n    cout << \"Первые 5 символов: \" << str.substr(0, 5) << endl;\n    \n    return 0;\n}"
"создай программу которая переворачивает строку","#include <iostream>\n#include <string>\n#include <algorithm>\nusing namespace std;\n\nint main() {\n    string str;\n    cout << \"Введите строку: \";\n    getline(cin, str);\n    \n    string reversed = str;\n    reverse(reversed.begin(), reversed.end());\n    \n    cout << \"Перевернутая строка: \" << reversed << endl;\n    return 0;\n}"
"напиши программу которая подсчитывает количество слов в строке","#include <iostream>\n#include <string>\n#include <sstream>\nusing namespace std;\n\nint main() {\n    string text;\n    cout << \"Введите текст: \";\n    getline(cin, text);\n    \n    stringstream ss(text);\n    string word;\n    int count = 0;\n    \n    while (ss >> word) {\n        count++;\n    }\n    \n    cout << \"Количество слов: \" << count << endl;\n    return 0;\n}"
"создай программу которая удаляет пробелы из строки","#include <iostream>\n#include <string>\n#include <algorithm>\nusing namespace std;\n\nint main() {\n    string str;\n    cout << \"Введите строку: \";\n    getline(cin, str);\n    \n    str.erase(remove(str.begin(), str.end(), ' '), str.end());\n    \n    cout << \"Строка без пробелов: \" << str << endl;\n    return 0;\n}"
"напиши программу которая проверяет является ли строка палиндромом","#include <iostream>\n#include <string>\n#include <algorithm>\nusing namespace std;\n\nint main() {\n    string str;\n    cout << \"Введите строку: \";\n    getline(cin, str);\n    \n    string original = str;\n    reverse(str.begin(), str.end());\n    \n    if (original == str) {\n        cout << \"Строка является палиндромом\" << endl;\n    } else {\n        cout << \"Строка не является палиндромом\" << endl;\n    }\n    return 0;\n}"
"напиши программу которая демонстрирует работу с указателями","#include <iostream>\nusing namespace std;\n\nint main() {\n    int x = 10;\n    int *ptr = &x;\n    \n    cout << \"Значение x: \" << x << endl;\n    cout << \"Адрес x: \" << &x << endl;\n    cout << \"Значение ptr: \" << ptr << endl;\n    cout << \"Значение по адресу ptr: \" << *ptr << endl;\n    \n    return 0;\n}"
"создай программу которая меняет значения через указатели","#include <iostream>\nusing namespace std;\n\nvoid swap(int *a, int *b) {\n    int temp = *a;\n    *a = *b;\n    *b = temp;\n}\n\nint main() {\n    int x = 5, y = 10;\n    cout << \"До обмена: x = \" << x << \", y = \" << y << endl;\n    \n    swap(&x, &y);\n    \n    cout << \"После обмена: x = \" << x << \", y = \" << y << endl;\n    return 0;\n}"
"напиши программу с динамическим выделением памяти для массива","#include <iostream>\nusing namespace std;\n\nint main() {\n    int size;\n    cout << \"Введите размер массива: \";\n    cin >> size;\n    \n    int *arr = new int[size];\n    \n    cout << \"Введите элементы массива: \";\n    for (int i = 0; i < size; i++) {\n        cin >> arr[i];\n    }\n    \n    cout << \"Массив: \";\n    for (int i = 0; i < size; i++) {\n        cout << arr[i] << \" \";\n    }\n    cout << endl;\n    \n    delete[] arr;\n    return 0;\n}"
"создай программу которая находит сумму элементов массива через указатели","#include <iostream>\nusing namespace std;\n\nint main() {\n    int arr[5] = {1, 2, 3, 4, 5};\n    int sum = 0;\n    int *ptr = arr;\n    \n    for (int i = 0; i < 5; i++) {\n        sum += *(ptr + i);\n    }\n    \n    cout << \"Сумма элементов: \" << sum << endl;\n    return 0;\n}"
"напиши программу с указателем на функцию","#include <iostream>\nusing namespace std;\n\nint add(int a, int b) {\n    return a + b;\n}\n\nint multiply(int a, int b) {\n    return a * b;\n}\n\nint main() {\n    int (*operation)(int, int);\n    \n    operation = add;\n    cout << \"Сложение: \" << operation(5, 3) << endl;\n    \n    operation = multiply;\n    cout << \"Умножение: \" << operation(5, 3) << endl;\n    \n    return 0;\n}"
"создай структуру для представления точки в 2D пространстве","#include <iostream>\nusing namespace std;\n\nstruct Point {\n    double x;\n    double y;\n};\n\nint main() {\n    Point p1 = {2.5, 3.7};\n    Point p2 = {1.0, 4.2};\n    \n    cout << \"Точка 1: (\" << p1.x << \", \" << p1.y << \")\" << endl;\n    cout << \"Точка 2: (\" << p2.x << \", \" << p2.y << \")\" << endl;\n    \n    return 0;\n}"
"напиши программу которая вычисляет расстояние между двумя точками","#include <iostream>\n#include <cmath>\nusing namespace std;\n\nstruct Point {\n    double x, y;\n};\n\ndouble distance(Point p1, Point p2) {\n    return sqrt(pow(p2.x - p1.x, 2) + pow(p2.y - p1.y, 2));\n}\n\nint main() {\n    Point a = {0, 0};\n    Point b = {3, 4};\n    \n    cout << \"Расстояние между точками: \" << distance(a, b) << endl;\n    return 0;\n}"
"создай структуру для студента с полями имя и оценка","#include <iostream>\n#include <string>\nusing namespace std;\n\nstruct Student {\n    string name;\n    double grade;\n};\n\nint main() {\n    Student students[3];\n    \n    for (int i = 0; i < 3; i++) {\n        cout << \"Введите имя студента \" << i + 1 << \": \";\n        cin >> students[i].name;\n        cout << \"Введите оценку: \";\n        cin >> students[i].grade;\n    }\n    \n    cout << \"\\nСписок студентов:\" << endl;\n    for (int i = 0; i < 3; i++) {\n        cout << students[i].name << \": \" << students[i].grade << endl;\n    }\n    \n    return 0;\n}"
"напиши простой класс для прямоугольника","#include <iostream>\nusing namespace std;\n\nclass Rectangle {\nprivate:\n    double width;\n    double height;\n    \npublic:\n    void setDimensions(double w, double h) {\n        width = w;\n        height = h;\n    }\n    \n    double area() {\n        return width * height;\n    }\n    \n    double perimeter() {\n        return 2 * (width + height);\n    }\n};\n\nint main() {\n    Rectangle rect;\n    rect.setDimensions(5.0, 3.0);\n    \n    cout << \"Площадь: \" << rect.area() << endl;\n    cout << \"Периметр: \" << rect.perimeter() << endl;\n    \n    return 0;\n}"
"создай класс с конструктором и деструктором","#include <iostream>\nusing namespace std;\n\nclass Counter {\nprivate:\n    int count;\n    \npublic:\n    Counter() {\n        count = 0;\n        cout << \"Конструктор вызван\" << endl;\n    }\n    \n    ~Counter() {\n        cout << \"Деструктор вызван, счетчик = \" << count << endl;\n    }\n    \n    void increment() {\n        count++;\n    }\n    \n    int getCount() {\n        return count;\n    }\n};\n\nint main() {\n    Counter c;\n    c.increment();\n    c.increment();\n    cout << \"Текущее значение: \" << c.getCount() << endl;\n    return 0;\n}"
"напиши класс для банковского счета","#include <iostream>\n#include <string>\nusing namespace std;\n\nclass BankAccount {\nprivate:\n    string owner;\n    double balance;\n    \npublic:\n    BankAccount(string name, double initial) {\n        owner = name;\n        balance = initial;\n    }\n    \n    void deposit(double amount) {\n        if (amount > 0) {\n            balance += amount;\n        }\n    }\n    \n    void withdraw(double amount) {\n        if (amount > 0 && amount <= balance) {\n            balance -= amount;\n        }\n    }\n    \n    void display() {\n        cout << \"Владелец: \" << owner << endl;\n        cout << \"Баланс: $\" << balance << endl;\n    }\n};\n\nint main() {\n    BankAccount account(\"Иван Иванов\", 1000.0);\n    account.deposit(500.0);\n    account.withdraw(200.0);\n    account.display();\n    \n    return 0;\n}"
"создай программу с перегрузкой функций","#include <iostream>\nusing namespace std;\n\nint max(int a, int b) {\n    return (a > b) ? a : b;\n}\n\ndouble max(double a, double b) {\n    return (a > b) ? a : b;\n}\n\nint max(int a, int b, int c) {\n    return max(max(a, b), c);\n}\n\nint main() {\n    cout << \"max(5, 3) = \" << max(5, 3) << endl;\n    cout << \"max(2.7, 3.1) = \" << max(2.7, 3.1) << endl;\n    cout << \"max(1, 8, 3) = \" << max(1, 8, 3) << endl;\n    \n    return 0;\n}"
"напиши программу с перегрузкой операторов для класса Complex","#include <iostream>\nusing namespace std;\n\nclass Complex {\nprivate:\n    double real;\n    double imag;\n    \npublic:\n    Complex(double r = 0, double i = 0) : real(r), imag(i) {}\n    \n    Complex operator+(const Complex& other) {\n        return Complex(real + other.real, imag + other.imag);\n    }\n    \n    void display() {\n        cout << real << \" + \" << imag << \"i\" << endl;\n    }\n};\n\nint main() {\n    Complex c1(2.5, 3.1);\n    Complex c2(1.4, 2.8);\n    Complex c3 = c1 + c2;\n    \n    cout << \"c1 = \"; c1.display();\n    cout << \"c2 = \"; c2.display();\n    cout << \"c1 + c2 = \"; c3.display();\n    \n    return 0;\n}"
"создай программу с наследованием классов","#include <iostream>\n#include <string>\nusing namespace std;\n\nclass Animal {\nprotected:\n    string name;\n    \npublic:\n    Animal(string n) : name(n) {}\n    \n    void speak() {\n        cout << name << \" издает звук\" << endl;\n    }\n};\n\nclass Dog : public Animal {\npublic:\n    Dog(string n) : Animal(n) {}\n    \n    void speak() {\n        cout << name << \" гавкает: Гав-гав!\" << endl;\n    }\n};\n\nclass Cat : public Animal {\npublic:\n    Cat(string n) : Animal(n) {}\n    \n    void speak() {\n        cout << name << \" мяукает: Мяу!\" << endl;\n    }\n};\n\nint main() {\n    Dog dog(\"Бобик\");\n    Cat cat(\"Мурка\");\n    \n    dog.speak();\n    cat.speak();\n    \n    return 0;\n}"
"напиши программу с виртуальными функциями","#include <iostream>\nusing namespace std;\n\nclass Shape {\npublic:\n    virtual double area() = 0; // Чисто виртуальная функция\n    virtual ~Shape() {}\n};\n\nclass Circle : public Shape {\nprivate:\n    double radius;\n    \npublic:\n    Circle(double r) : radius(r) {}\n    \n    double area() override {\n        return 3.14159 * radius * radius;\n    }\n};\n\nclass Rectangle : public Shape {\nprivate:\n    double width, height;\n    \npublic:\n    Rectangle(double w, double h) : width(w), height(h) {}\n    \n    double area() override {\n        return width * height;\n    }\n};\n\nint main() {\n    Shape* shapes[2];\n    shapes[0] = new Circle(5.0);\n    shapes[1] = new Rectangle(4.0, 6.0);\n    \n    for (int i = 0; i < 2; i++) {\n        cout << \"Площадь фигуры \" << i + 1 << \": \" << shapes[i]->area() << endl;\n        delete shapes[i];\n    }\n    \n    return 0;\n}"
"создай программу которая записывает данные в файл","#include <iostream>\n#include <fstream>\nusing namespace std;\n\nint main() {\n    ofstream file(\"data.txt\");\n    \n    if (file.is_open()) {\n        file << \"Привет, мир!\" << endl;\n        file << \"Это запись в файл\" << endl;\n        file << 42 << endl;\n        file.close();\n        cout << \"Данные записаны в файл\" << endl;\n    } else {\n        cout << \"Ошибка открытия файла\" << endl;\n    }\n    \n    return 0;\n}"
"напиши программу которая читает данные из файла","#include <iostream>\n#include <fstream>\n#include <string>\nusing namespace std;\n\nint main() {\n    ifstream file(\"data.txt\");\n    string line;\n    \n    if (file.is_open()) {\n        cout << \"Содержимое файла:\" << endl;\n        while (getline(file, line)) {\n            cout << line << endl;\n        }\n        file.close();\n    } else {\n        cout << \"Файл не найден\" << endl;\n    }\n    \n    return 0;\n}"
"создай программу которая копирует содержимое одного файла в другой","#include <iostream>\n#include <fstream>\n#include <string>\nusing namespace std;\n\nint main() {\n    ifstream source(\"source.txt\");\n    ofstream destination(\"destination.txt\");\n    string line;\n    \n    if (source.is_open() && destination.is_open()) {\n        while (getline(source, line)) {\n            destination << line << endl;\n        }\n        cout << \"Файл скопирован успешно\" << endl;\n        source.close();\n        destination.close();\n    } else {\n        cout << \"Ошибка работы с файлами\" << endl;\n    }\n    \n    return 0;\n}"
"напиши программу с обработкой исключений при делении на ноль","#include <iostream>\nusing namespace std;\n\ndouble divide(double a, double b) {\n    if (b == 0) {\n        throw \"Ошибка: деление на ноль!\";\n    }\n    return a / b;\n}\n\nint main() {\n    double x, y;\n    cout << \"Введите два числа: \";\n    cin >> x >> y;\n    \n    try {\n        double result = divide(x, y);\n        cout << \"Результат: \" << result << endl;\n    } catch (const char* error) {\n        cout << error << endl;\n    }\n    \n    return 0;\n}"
"создай программу с шаблонной функцией","#include <iostream>\nusing namespace std;\n\ntemplate <typename T>\nT findMax(T a, T b) {\n    return (a > b) ? a : b;\n}\n\ntemplate <typename T>\nvoid printArray(T arr[], int size) {\n    for (int i = 0; i < size; i++) {\n        cout << arr[i] << \" \";\n    }\n    cout << endl;\n}\n\nint main() {\n    cout << \"max(5, 10) = \" << findMax(5, 10) << endl;\n    cout << \"max(3.14, 2.71) = \" << findMax(3.14, 2.71) << endl;\n    \n    int intArr[] = {1, 2, 3, 4, 5};\n    double doubleArr[] = {1.1, 2.2, 3.3};\n    \n    cout << \"Целочисленный массив: \";\n    printArray(intArr, 5);\n    \n    cout << \"Вещественный массив: \";\n    printArray(doubleArr, 3);\n    \n    return 0;\n}"
"напиши программу с шаблонным классом для стека","#include <iostream>\nusing namespace std;\n\ntemplate <typename T, int SIZE>\nclass Stack {\nprivate:\n    T data[SIZE];\n    int top;\n    \npublic:\n    Stack() : top(-1) {}\n    \n    void push(T value) {\n        if (top < SIZE - 1) {\n            data[++top] = value;\n        }\n    }\n    \n    T pop() {\n        if (top >= 0) {\n            return data[top--];\n        }\n        return T();\n    }\n    \n    bool isEmpty() {\n        return top == -1;\n    }\n};\n\nint main() {\n    Stack<int, 5> intStack;\n    \n    intStack.push(10);\n    intStack.push(20);\n    intStack.push(30);\n    \n    cout << \"Элементы стека: \";\n    while (!intStack.isEmpty()) {\n        cout << intStack.pop() << \" \";\n    }\n    cout << endl;\n    \n    return 0;\n}"
"создай программу с пространством имен","#include <iostream>\nusing namespace std;\n\nnamespace Math {\n    const double PI = 3.14159;\n    \n    double circleArea(double radius) {\n        return PI * radius * radius;\n    }\n    \n    int factorial(int n) {\n        if (n <= 1) return 1;\n        return n * factorial(n - 1);\n    }\n}\n\nnamespace Graphics {\n    void drawLine() {\n        cout << \"Рисование линии\" << endl;\n    }\n    \n    void drawCircle() {\n        cout << \"Рисование круга\" << endl;\n    }\n}\n\nint main() {\n    cout << \"Площадь круга: \" << Math::circleArea(5.0) << endl;\n    cout << \"Факториал 5: \" << Math::factorial(5) << endl;\n    \n    Graphics::drawLine();\n    Graphics::drawCircle();\n    \n    return 0;\n}"
"напиши программу с использованием STL vector","#include <iostream>\n#include <vector>\n#include <algorithm>\nusing namespace std;\n\nint main() {\n    vector<int> numbers = {5, 2, 8, 1, 9};\n    \n    cout << \"Исходный вектор: \";\n    for (int num : numbers) {\n        cout << num << \" \";\n    }\n    cout << endl;\n    \n    sort(numbers.begin(), numbers.end());\n    \n    cout << \"Отсортированный вектор: \";\n    for (int num : numbers) {\n        cout << num << \" \";\n    }\n    cout << endl;\n    \n    numbers.push_back(10);\n    cout << \"После добавления элемента: \";\n    for (int num : numbers) {\n        cout << num << \" \";\n    }\n    cout << endl;\n    \n    return 0;\n}"
"создай программу с использованием STL map","#include <iostream>\n#include <map>\n#include <string>\nusing namespace std;\n\nint main() {\n    map<string, int> ageMap;\n    \n    ageMap[\"Анна\"] = 25;\n    ageMap[\"Иван\"] = 30;\n    ageMap[\"Мария\"] = 28;\n    \n    cout << \"Возраст студентов:\" << endl;\n    for (const auto& pair : ageMap) {\n        cout << pair.first << \": \" << pair.second << \" лет\" << endl;\n    }\n    \n    cout << \"\\nВозраст Ивана: \" << ageMap[\"Иван\"] << \" лет\" << endl;\n    \n    return 0;\n}"
"напиши программу которая демонстрирует работу с итераторами","#include <iostream>\n#include <vector>\n#include <list>\nusing namespace std;\n\nint main() {\n    vector<int> vec = {1, 2, 3, 4, 5};\n    \n    cout << \"Вектор через итераторы: \";\n    for (auto it = vec.begin(); it != vec.end(); ++it) {\n        cout << *it << \" \";\n    }\n    cout << endl;\n    \n    list<string> names = {\"Анна\", \"Борис\", \"Виктория\"};\n    \n    cout << \"Список имен: \";\n    for (auto it = names.begin(); it != names.end(); ++it) {\n        cout << *it << \" \";\n    }\n    cout << endl;\n    \n    return 0;\n}"
"напиши программу с использованием умного указателя unique_ptr","#include <iostream>\n#include <memory>\nusing namespace std;\n\nclass Resource {\npublic:\n    Resource() { cout << \"Ресурс создан\" << endl; }\n    ~Resource() { cout << \"Ресурс уничтожен\" << endl; }\n    void use() { cout << \"Ресурс используется\" << endl; }\n};\n\nint main() {\n    unique_ptr<Resource> res1(new Resource());\n    res1->use();\n    \n    unique_ptr<Resource> res2 = move(res1);\n    if (!res1) {\n        cout << \"res1 теперь пуст\" << endl;\n    }\n    res2->use();\n    \n    return 0;\n}"
"создай программу с использованием shared_ptr для разделяемого ресурса","#include <iostream>\n#include <memory>\nusing namespace std;\n\nclass Object {\npublic:\n    Object() { cout << \"Object создан\" << endl; }\n    ~Object() { cout << \"Object уничтожен\" << endl; }\n    void method() { cout << \"Метод выполнен\" << endl; }\n};\n\nint main() {\n    shared_ptr<Object> ptr1 = make_shared<Object>();\n    {\n        shared_ptr<Object> ptr2 = ptr1;\n        cout << \"Количество ссылок: \" << ptr1.use_count() << endl;\n        ptr2->method();\n    }\n    cout << \"Количество ссылок: \" << ptr1.use_count() << endl;\n    ptr1->method();\n    \n    return 0;\n}"
"напиши программу с лямбда-выражением для сортировки","#include <iostream>\n#include <vector>\n#include <algorithm>\nusing namespace std;\n\nint main() {\n    vector<int> numbers = {5, 2, 8, 1, 9, 3};\n    \n    cout << \"До сортировки: \";\n    for (int n : numbers) cout << n << \" \";\n    cout << endl;\n    \n    sort(numbers.begin(), numbers.end(), [](int a, int b) {\n        return a > b; // Сортировка по убыванию\n    });\n    \n    cout << \"После сортировки: \";\n    for (int n : numbers) cout << n << \" \";\n    cout << endl;\n    \n    auto is_even = [](int n) { return n % 2 == 0; };\n    int even_count = count_if(numbers.begin(), numbers.end(), is_even);\n    cout << \"Количество четных: \" << even_count << endl;\n    \n    return 0;\n}"
"создай программу с захватом переменных в лямбда-выражении","#include <iostream>\n#include <vector>\n#include <algorithm>\nusing namespace std;\n\nint main() {\n    vector<int> data = {1, 2, 3, 4, 5};\n    int threshold = 3;\n    \n    auto count_above = [threshold](const vector<int>& vec) {\n        return count_if(vec.begin(), vec.end(), \n                       [threshold](int x) { return x > threshold; });\n    };\n    \n    cout << \"Элементов больше \" << threshold << \": \" \n         << count_above(data) << endl;\n    \n    int sum = 0;\n    for_each(data.begin(), data.end(), [&sum](int x) {\n        sum += x; // Захват по ссылке\n    });\n    \n    cout << \"Сумма элементов: \" << sum << endl;\n    \n    return 0;\n}"
"напиши программу с использованием auto и decltype","#include <iostream>\n#include <vector>\n#include <map>\nusing namespace std;\n\nint main() {\n    auto number = 42; // int\n    auto name = \"C++\"; // const char*\n    auto pi = 3.14159; // double\n    \n    cout << \"number: \" << number << endl;\n    cout << \"name: \" << name << endl;\n    cout << \"pi: \" << pi << endl;\n    \n    vector<int> vec = {1, 2, 3};\n    for (auto it = vec.begin(); it != vec.end(); ++it) {\n        cout << *it << \" \";\n    }\n    cout << endl;\n    \n    map<string, int> scores = {{\"Alice\", 95}, {\"Bob\", 87}};\n    for (const auto& pair : scores) {\n        cout << pair.first << \": \" << pair.second << endl;\n    }\n    \n    decltype(vec) another_vec = {4, 5, 6};\n    cout << \"Тип another_vec такой же как у vec\" << endl;\n    \n    return 0;\n}"
"создай программу с range-based for loop для контейнеров","#include <iostream>\n#include <vector>\n#include <map>\n#include <set>\nusing namespace std;\n\nint main() {\n    vector<int> numbers = {1, 2, 3, 4, 5};\n    \n    cout << \"Vector: \";\n    for (int num : numbers) {\n        cout << num << \" \";\n    }\n    cout << endl;\n    \n    map<string, int> ages = {{\"Anna\", 25}, {\"Ivan\", 30}};\n    cout << \"Map:\" << endl;\n    for (const auto& [name, age] : ages) {\n        cout << name << \": \" << age << endl;\n    }\n    \n    set<string> fruits = {\"apple\", \"banana\", \"orange\"};\n    cout << \"Set: \";\n    for (const auto& fruit : fruits) {\n        cout << fruit << \" \";\n    }\n    cout << endl;\n    \n    return 0;\n}"
"напиши программу с move семантикой","#include <iostream>\n#include <vector>\n#include <utility>\nusing namespace std;\n\nclass LargeObject {\npublic:\n    LargeObject(size_t size) : data(new int[size]), size(size) {\n        cout << \"Конструктор \" << size << endl;\n    }\n    \n    LargeObject(LargeObject&& other) noexcept \n        : data(other.data), size(other.size) {\n        other.data = nullptr;\n        other.size = 0;\n        cout << \"Move конструктор\" << endl;\n    }\n    \n    LargeObject& operator=(LargeObject&& other) noexcept {\n        if (this != &other) {\n            delete[] data;\n            data = other.data;\n            size = other.size;\n            other.data = nullptr;\n            other.size = 0;\n            cout << \"Move оператор присваивания\" << endl;\n        }\n        return *this;\n    }\n    \n    ~LargeObject() {\n        delete[] data;\n        cout << \"Деструктор\" << endl;\n    }\n    \nprivate:\n    int* data;\n    size_t size;\n};\n\nint main() {\n    LargeObject obj1(1000);\n    LargeObject obj2 = move(obj1);\n    \n    vector<LargeObject> objects;\n    objects.push_back(LargeObject(500));\n    \n    return 0;\n}"
"создай программу с perfect forwarding","#include <iostream>\n#include <utility>\nusing namespace std;\n\nclass Logger {\npublic:\n    Logger() { cout << \"Конструктор по умолчанию\" << endl; }\n    Logger(const Logger&) { cout << \"Конструктор копирования\" << endl; }\n    Logger(Logger&&) { cout << \"Конструктор перемещения\" << endl; }\n};\n\ntemplate<typename T>\nvoid wrapper(T&& arg) {\n    process(forward<T>(arg));\n}\n\nvoid process(Logger& log) {\n    cout << \"Обработка l-value\" << endl;\n}\n\nvoid process(Logger&& log) {\n    cout << \"Обработка r-value\" << endl;\n}\n\nint main() {\n    Logger log1;\n    wrapper(log1); // l-value\n    wrapper(Logger()); // r-value\n    \n    return 0;\n}"
"напиши программу с variadic templates","#include <iostream>\nusing namespace std;\n\nvoid print() {\n    cout << endl;\n}\n\ntemplate<typename T, typename... Args>\nvoid print(T first, Args... args) {\n    cout << first << \" \";\n    print(args...);\n}\n\ntemplate<typename... Types>\nclass Tuple {};\n\ntemplate<typename T, typename... Rest>\nclass Tuple<T, Rest...> {\npublic:\n    T first;\n    Tuple<Rest...> rest;\n    \n    Tuple(T f, Rest... r) : first(f), rest(r...) {}\n};\n\nint main() {\n    print(1, 2.5, \"hello\", 'A');\n    \n    Tuple<int, double, string> tuple(10, 3.14, \"test\");\n    cout << \"Tuple создан\" << endl;\n    \n    return 0;\n}"
"создай программу с constexpr вычислениями","#include <iostream>\nusing namespace std;\n\nconstexpr int factorial(int n) {\n    return (n <= 1) ? 1 : n * factorial(n - 1);\n}\n\nconstexpr int fibonacci(int n) {\n    return (n <= 1) ? n : fibonacci(n - 1) + fibonacci(n - 2);\n}\n\nclass Circle {\nprivate:\n    double radius;\n    \npublic:\n    constexpr Circle(double r) : radius(r) {}\n    \n    constexpr double area() const {\n        return 3.14159 * radius * radius;\n    }\n};\n\nint main() {\n    constexpr int fact_5 = factorial(5);\n    constexpr int fib_10 = fibonacci(10);\n    constexpr Circle c(5.0);\n    \n    cout << \"Факториал 5: \" << fact_5 << endl;\n    cout << \"Фибоначчи 10: \" << fib_10 << endl;\n    cout << \"Площадь круга: \" << c.area() << endl;\n    \n    int arr[factorial(3)]; // Массив размером 6\n    cout << \"Размер массива: \" << sizeof(arr)/sizeof(arr[0]) << endl;\n    \n    return 0;\n}"
"напиши программу с пользовательскими литералами","#include <iostream>\n#include <string>\nusing namespace std;\n\nconstexpr long double operator\"\" _km(long double x) {\n    return x * 1000.0;\n}\n\nconstexpr long double operator\"\" _m(long double x) {\n    return x;\n}\n\nconstexpr long double operator\"\" _cm(long double x) {\n    return x / 100.0;\n}\n\nstring operator\"\" _str(const char* str, size_t len) {\n    return string(str) + \" (преобразовано)\";\n}\n\nint main() {\n    long double distance = 5.0_km + 300.0_m + 50.0_cm;\n    cout << \"Общее расстояние: \" << distance << \" метров\" << endl;\n    \n    auto text = \"hello\"_str;\n    cout << text << endl;\n    \n    return 0;\n}"
"создай программу с многопоточностью используя std::thread","#include <iostream>\n#include <thread>\n#include <vector>\n#include <chrono>\nusing namespace std;\n\nvoid worker(int id) {\n    cout << \"Поток \" << id << \" начал работу\" << endl;\n    this_thread::sleep_for(chrono::milliseconds(100));\n    cout << \"Поток \" << id << \" завершил работу\" << endl;\n}\n\nint main() {\n    vector<thread> threads;\n    \n    for (int i = 0; i < 5; ++i) {\n        threads.emplace_back(worker, i);\n    }\n    \n    for (auto& t : threads) {\n        t.join();\n    }\n    \n    cout << \"Все потоки завершили работу\" << endl;\n    return 0;\n}"
"напиши программу с мьютексами для синхронизации","#include <iostream>\n#include <thread>\n#include <mutex>\n#include <vector>\nusing namespace std;\n\nmutex mtx;\nint shared_counter = 0;\n\nvoid increment_counter(int id) {\n    for (int i = 0; i < 1000; ++i) {\n        lock_guard<mutex> lock(mtx);\n        ++shared_counter;\n    }\n    cout << \"Поток \" << id << \" завершил\" << endl;\n}\n\nint main() {\n    vector<thread> threads;\n    \n    for (int i = 0; i < 5; ++i) {\n        threads.emplace_back(increment_counter, i);\n    }\n    \n    for (auto& t : threads) {\n        t.join();\n    }\n    \n    cout << \"Финальное значение счетчика: \" << shared_counter << endl;\n    return 0;\n}"
"создай программу с std::async для асинхронных вычислений","#include <iostream>\n#include <future>\n#include <vector>\n#include <numeric>\nusing namespace std;\n\nint compute_sum(const vector<int>& data) {\n    return accumulate(data.begin(), data.end(), 0);\n}\n\nint main() {\n    vector<int> large_data(1000000, 1);\n    \n    auto future_result = async(launch::async, compute_sum, large_data);\n    \n    cout << \"Вычисления запущены...\" << endl;\n    \n    int result = future_result.get();\n    cout << \"Результат: \" << result << endl;\n    \n    auto future1 = async(launch::async, []() { return 42; });\n    auto future2 = async(launch::async, []() { return 100; });\n    \n    cout << \"future1: \" << future1.get() << endl;\n    cout << \"future2: \" << future2.get() << endl;\n    \n    return 0;\n}"
"напиши программу с conditional_variable для синхронизации потоков","#include <iostream>\n#include <thread>\n#include <mutex>\n#include <condition_variable>\n#include <queue>\nusing namespace std;\n\nqueue<int> data_queue;\nmutex mtx;\ncondition_variable cv;\nbool finished = false;\n\nvoid producer() {\n    for (int i = 0; i < 10; ++i) {\n        this_thread::sleep_for(chrono::milliseconds(100));\n        {\n            lock_guard<mutex> lock(mtx);\n            data_queue.push(i);\n            cout << \"Произведено: \" << i << endl;\n        }\n        cv.notify_one();\n    }\n    {\n        lock_guard<mutex> lock(mtx);\n        finished = true;\n    }\n    cv.notify_all();\n}\n\nvoid consumer() {\n    while (true) {\n        unique_lock<mutex> lock(mtx);\n        cv.wait(lock, []{ return !data_queue.empty() || finished; });\n        \n        while (!data_queue.empty()) {\n            int value = data_queue.front();\n            data_queue.pop();\n            lock.unlock();\n            \n            cout << \"Потреблено: \" << value << endl;\n            \n            lock.lock();\n        }\n        \n        if (finished && data_queue.empty()) {\n            break;\n        }\n    }\n}\n\nint main() {\n    thread prod(producer);\n    thread cons(consumer);\n    \n    prod.join();\n    cons.join();\n    \n    cout << \"Завершено\" << endl;\n    return 0;\n}"
"создай программу с std::filesystem для работы с файловой системой","#include <iostream>\n#include <filesystem>\n#include <vector>\nnamespace fs = std::filesystem;\n\nusing namespace std;\n\nint main() {\n    string path = \".\";\n    \n    cout << \"Содержимое текущей директории:\" << endl;\n    for (const auto& entry : fs::directory_iterator(path)) {\n        cout << \"  \" << entry.path().filename() << \" \";\n        if (fs::is_directory(entry.status())) {\n            cout << \"[директория]\" << endl;\n        } else {\n            cout << \"[файл] \" << fs::file_size(entry) << \" байт\" << endl;\n        }\n    }\n    \n    if (fs::exists(\"test_dir\")) {\n        fs::remove_all(\"test_dir\");\n    }\n    \n    fs::create_directory(\"test_dir\");\n    cout << \"Директория test_dir создана\" << endl;\n    \n    cout << \"Текущий путь: \" << fs::current_path() << endl;\n    \n    return 0;\n}"
"напиши программу с регулярными выражениями","#include <iostream>\n#include <regex>\n#include <string>\nusing namespace std;\n\nint main() {\n    string text = \"Почты: user1@mail.com, user2@gmail.com, invalid@\";\n    regex email_pattern(R\"(\\b[A-Za-z0-9._%+-]+@[A-Za-z0-9.-]+\\.[A-Z|a-z]{2,}\\b)\");\n    \n    cout << \"Поиск email в тексте:\" << endl;\n    sregex_iterator it(text.begin(), text.end(), email_pattern);\n    sregex_iterator end;\n    \n    while (it != end) {\n        cout << \"Найден email: \" << it->str() << endl;\n        ++it;\n    }\n    \n    string phone_text = \"Телефоны: +7-912-345-67-89, 89123456789, 123-45-67\";\n    regex phone_pattern(R\"(\\+?7[-\\s]?\\d{3}[-\\s]?\\d{3}[-\\s]?\\d{2}[-\\s]?\\d{2})\");\n    \n    cout << \"\\nПоиск телефонов:\" << endl;\n    auto phones_begin = sregex_iterator(phone_text.begin(), phone_text.end(), phone_pattern);\n    auto phones_end = sregex_iterator();\n    \n    for (auto i = phones_begin; i != phones_end; ++i) {\n        cout << \"Найден телефон: \" << i->str() << endl;\n    }\n    \n    return 0;\n}"
"создай программу с хронометражем используя std::chrono","#include <iostream>\n#include <chrono>\n#include <thread>\nusing namespace std;\nusing namespace chrono;\n\nvoid long_operation() {\n    this_thread::sleep_for(milliseconds(500));\n}\n\nint main() {\n    auto start = high_resolution_clock::now();\n    \n    long_operation();\n    \n    auto end = high_resolution_clock::now();\n    auto duration = duration_cast<milliseconds>(end - start);\n    \n    cout << \"Операция заняла: \" << duration.count() << \" мс\" << endl;\n    \n    auto now = system_clock::now();\n    time_t now_time = system_clock::to_time_t(now);\n    cout << \"Текущее время: \" << ctime(&now_time);\n    \n    steady_clock::time_point steady_start = steady_clock::now();\n    this_thread::sleep_for(milliseconds(100));\n    steady_clock::time_point steady_end = steady_clock::now();\n    \n    auto steady_duration = duration_cast<microseconds>(steady_end - steady_start);\n    cout << \"Steady clock duration: \" << steady_duration.count() << \" мкс\" << endl;\n    \n    return 0;\n}"
"напиши программу с пользовательским аллокатором памяти","#include <iostream>\n#include <vector>\n#include <memory>\nusing namespace std;\n\ntemplate<typename T>\nclass SimpleAllocator {\npublic:\n    using value_type = T;\n    \n    SimpleAllocator() = default;\n    \n    template<typename U>\n    SimpleAllocator(const SimpleAllocator<U>&) {}\n    \n    T* allocate(size_t n) {\n        cout << \"Выделение памяти для \" << n << \" элементов\" << endl;\n        return static_cast<T*>(::operator new(n * sizeof(T)));\n    }\n    \n    void deallocate(T* p, size_t n) {\n        cout << \"Освобождение памяти \" << n << \" элементов\" << endl;\n        ::operator delete(p);\n    }\n};\n\nint main() {\n    vector<int, SimpleAllocator<int>> numbers;\n    \n    for (int i = 0; i < 5; ++i) {\n        numbers.push_back(i * 10);\n    }\n    \n    cout << \"Элементы: \";\n    for (int num : numbers) {\n        cout << num << \" \";\n    }\n    cout << endl;\n    \n    return 0;\n}"
"создай программу с type_traits для метапрограммирования","#include <iostream>\n#include <type_traits>\nusing namespace std;\n\ntemplate<typename T>\nvoid process(const T& value) {\n    if constexpr (is_integral_v<T>) {\n        cout << \"Целочисленный тип: \" << value * 2 << endl;\n    } else if constexpr (is_floating_point_v<T>) {\n        cout << \"Вещественный тип: \" << value + 0.5 << endl;\n    } else if constexpr (is_pointer_v<T>) {\n        cout << \"Указатель на: \" << *value << endl;\n    } else {\n        cout << \"Другой тип: \" << value << endl;\n    }\n}\n\ntemplate<typename T>\nclass Container {\n    static_assert(!is_pointer_v<T>, \"Указатели не поддерживаются\");\npublic:\n    void add(const T& item) {\n        cout << \"Добавлен: \" << item << endl;\n    }\n};\n\nint main() {\n    process(10);\n    process(3.14);\n    \n    int x = 42;\n    process(&x);\n    \n    process(\"text\");\n    \n    Container<int> int_container;\n    int_container.add(100);\n    \n    return 0;\n}"
"напиши программу с CRTP (Curiously Recurring Template Pattern)","#include <iostream>\nusing namespace std;\n\ntemplate<typename Derived>\nclass Counter {\nprotected:\n    static int count;\npublic:\n    Counter() { ++count; }\n    ~Counter() { --count; }\n    \n    static int getCount() {\n        return count;\n    }\n};\n\ntemplate<typename Derived>\nint Counter<Derived>::count = 0;\n\nclass Widget : public Counter<Widget> {\npublic:\n    void draw() {\n        cout << \"Widget рисуется (всего: \" << getCount() << \")\" << endl;\n    }\n};\n\nclass Gadget : public Counter<Gadget> {\npublic:\n    void use() {\n        cout << \"Gadget используется (всего: \" << getCount() << \")\" << endl;\n    }\n};\n\nint main() {\n    Widget w1, w2;\n    Gadget g1, g2, g3;\n    \n    w1.draw();\n    g1.use();\n    \n    cout << \"Всего Widget: \" << Widget::getCount() << endl;\n    cout << \"Всего Gadget: \" << Gadget::getCount() << endl;\n    \n    return 0;\n}"
"создай программу с policy-based design","#include <iostream>\n#include <vector>\n#include <list>\nusing namespace std;\n\ntemplate<typename T>\nstruct VectorStorage {\n    using Container = vector<T>;\n    void add(Container& container, const T& value) {\n        container.push_back(value);\n    }\n    void print(const Container& container) {\n        for (const auto& item : container) {\n            cout << item << \" \";\n        }\n        cout << endl;\n    }\n};\n\ntemplate<typename T>\nstruct ListStorage {\n    using Container = list<T>;\n    void add(Container& container, const T& value) {\n        container.push_back(value);\n    }\n    void print(const Container& container) {\n        for (const auto& item : container) {\n            cout << item << \" \";\n        }\n        cout << endl;\n    }\n};\n\ntemplate<typename T, template<typename> class StoragePolicy>\nclass Collection : private StoragePolicy<T> {\n    using Container = typename StoragePolicy<T>::Container;\n    Container data;\n    \npublic:\n    void add(const T& value) {\n        StoragePolicy<T>::add(data, value);\n    }\n    \n    void print() {\n        StoragePolicy<T>::print(data);\n    }\n};\n\nint main() {\n    Collection<int, VectorStorage> vec_collection;\n    vec_collection.add(1);\n    vec_collection.add(2);\n    vec_collection.add(3);\n    cout << \"Vector collection: \";\n    vec_collection.print();\n    \n    Collection<string, ListStorage> list_collection;\n    list_collection.add(\"hello\");\n    list_collection.add(\"world\");\n    cout << \"List collection: \";\n    list_collection.print();\n    \n    return 0;\n}"
"напиши программу с expression templates для ленивых вычислений","#include <iostream>\n#include <vector>\nusing namespace std;\n\ntemplate<typename T>\nclass Vector {\n    vector<T> data;\n    \npublic:\n    Vector(size_t size = 0) : data(size) {}\n    Vector(const vector<T>& values) : data(values) {}\n    \n    size_t size() const { return data.size(); }\n    \n    T& operator[](size_t i) { return data[i]; }\n    const T& operator[](size_t i) const { return data[i]; }\n    \n    template<typename Expr>\n    Vector& operator=(const Expr& expr) {\n        data.resize(expr.size());\n        for (size_t i = 0; i < data.size(); ++i) {\n            data[i] = expr[i];\n        }\n        return *this;\n    }\n};\n\ntemplate<typename Left, typename Right>\nclass VectorAdd {\n    const Left& left;\n    const Right& right;\n    \npublic:\n    VectorAdd(const Left& l, const Right& r) : left(l), right(r) {}\n    \n    size_t size() const { return left.size(); }\n    \n    auto operator[](size_t i) const -> decltype(left[i] + right[i]) {\n        return left[i] + right[i];\n    }\n};\n\ntemplate<typename Left, typename Right>\nVectorAdd<Left, Right> operator+(const Left& left, const Right& right) {\n    return VectorAdd<Left, Right>(left, right);\n}\n\nint main() {\n    Vector<double> a({1.0, 2.0, 3.0});\n    Vector<double> b({4.0, 5.0, 6.0});\n    Vector<double> c({7.0, 8.0, 9.0});\n    Vector<double> result(3);\n    \n    result = a + b + c;\n    \n    cout << \"Результат: \";\n    for (size_t i = 0; i < result.size(); ++i) {\n        cout << result[i] << \" \";\n    }\n    cout << endl;\n    \n    return 0;\n}"
"создай программу с coroutine на C++20","#include <iostream>\n#include <coroutine>\n#include <memory>\nusing namespace std;\n\ntemplate<typename T>\nstruct Generator {\n    struct promise_type {\n        T value;\n        \n        Generator get_return_object() {\n            return Generator{handle_type::from_promise(*this)};\n        }\n        \n        suspend_always initial_suspend() { return {}; }\n        suspend_always final_suspend() noexcept { return {}; }\n        \n        void unhandled_exception() { terminate(); }\n        \n        suspend_always yield_value(T val) {\n            value = val;\n            return {};\n        }\n        \n        void return_void() {}\n    };\n    \n    using handle_type = coroutine_handle<promise_type>;\n    \n    handle_type coro;\n    \n    Generator(handle_type h) : coro(h) {}\n    ~Generator() {\n        if (coro) coro.destroy();\n    }\n    \n    T value() {\n        return coro.promise().value;\n    }\n    \n    bool next() {\n        if (!coro.done()) {\n            coro.resume();\n            return !coro.done();\n        }\n        return false;\n    }\n};\n\nGenerator<int> fibonacci(int n) {\n    int a = 0, b = 1;\n    \n    for (int i = 0; i < n; ++i) {\n        co_yield a;\n        int next = a + b;\n        a = b;\n        b = next;\n    }\n}\n\nint main() {\n    auto fib_gen = fibonacci(10);\n    \n    cout << \"Числа Фибоначчи: \";\n    while (fib_gen.next()) {\n        cout << fib_gen.value() << \" \";\n    }\n    cout << endl;\n    \n    return 0;\n}"
"напиши программу с concept проверками C++20","#include <iostream>\n#include <concepts>\n#include <vector>\nusing namespace std;\n\ntemplate<typename T>\nconcept Arithmetic = requires(T a, T b) {\n    a + b;\n    a - b;\n    a * b;\n    a / b;\n    requires is_arithmetic_v<T>;\n};\n\ntemplate<typename T>\nconcept Container = requires(T container) {\n    typename T::value_type;\n    typename T::iterator;\n    typename T::const_iterator;\n    { container.begin() } -> same_as<typename T::iterator>;\n    { container.end() } -> same_as<typename T::iterator>;\n    { container.size() } -> integral;\n};\n\ntemplate<Arithmetic T>\nT square(T x) {\n    return x * x;\n}\n\ntemplate<Container C>\nvoid print_container(const C& container) {\n    for (const auto& item : container) {\n        cout << item << \" \";\n    }\n    cout << endl;\n}\n\nint main() {\n    cout << \"Квадрат 5: \" << square(5) << endl;\n    cout << \"Квадрат 3.14: \" << square(3.14) << endl;\n    \n    vector<int> numbers = {1, 2, 3, 4, 5};\n    cout << \"Контейнер: \";\n    print_container(numbers);\n    \n    return 0;\n}"
"напиши программу с RAII для управления файловым ресурсом","#include <iostream>\n#include <fstream>\n#include <string>\nusing namespace std;\n\nclass FileHandler {\nprivate:\n    ifstream file;\n    \npublic:\n    FileHandler(const string& filename) : file(filename) {\n        if (!file.is_open()) {\n            throw runtime_error(\"Не удалось открыть файл: \" + filename);\n        }\n        cout << \"Файл открыт: \" << filename << endl;\n    }\n    \n    ~FileHandler() {\n        if (file.is_open()) {\n            file.close();\n            cout << \"Файл закрыт\" << endl;\n        }\n    }\n    \n    string readLine() {\n        string line;\n        if (getline(file, line)) {\n            return line;\n        }\n        return \"\";\n    }\n    \n    // Запрещаем копирование\n    FileHandler(const FileHandler&) = delete;\n    FileHandler& operator=(const FileHandler&) = delete;\n    \n    // Разрешаем перемещение\n    FileHandler(FileHandler&&) = default;\n    FileHandler& operator=(FileHandler&&) = default;\n};\n\nint main() {\n    try {\n        FileHandler fh(\"data.txt\");\n        cout << \"Первая строка: \" << fh.readLine() << endl;\n    } catch (const exception& e) {\n        cout << \"Ошибка: \" << e.what() << endl;\n    }\n    return 0;\n}"
"создай программу с фабричным методом для создания объектов","#include <iostream>\n#include <memory>\n#include <string>\nusing namespace std;\n\nclass Shape {\npublic:\n    virtual void draw() = 0;\n    virtual ~Shape() = default;\n    \n    static unique_ptr<Shape> create(const string& type);\n};\n\nclass Circle : public Shape {\npublic:\n    void draw() override {\n        cout << \"Рисую круг\" << endl;\n    }\n};\n\nclass Rectangle : public Shape {\npublic:\n    void draw() override {\n        cout << \"Рисую прямоугольник\" << endl;\n    }\n};\n\nunique_ptr<Shape> Shape::create(const string& type) {\n    if (type == \"circle\") return make_unique<Circle>();\n    if (type == \"rectangle\") return make_unique<Rectangle>();\n    throw invalid_argument(\"Неизвестный тип: \" + type);\n}\n\nint main() {\n    auto circle = Shape::create(\"circle\");\n    auto rectangle = Shape::create(\"rectangle\");\n    \n    circle->draw();\n    rectangle->draw();\n    \n    return 0;\n}"
"напиши программу с синглтоном с ленивой инициализацией","#include <iostream>\n#include <mutex>\nusing namespace std;\n\nclass Singleton {\nprivate:\n    static Singleton* instance;\n    static mutex mtx;\n    int value;\n    \n    Singleton(int v = 0) : value(v) {\n        cout << \"Singleton создан\" << endl;\n    }\n    \npublic:\n    static Singleton* getInstance() {\n        if (instance == nullptr) {\n            lock_guard<mutex> lock(mtx);\n            if (instance == nullptr) {\n                instance = new Singleton(42);\n            }\n        }\n        return instance;\n    }\n    \n    int getValue() const { return value; }\n    void setValue(int v) { value = v; }\n    \n    // Запрещаем копирование и присваивание\n    Singleton(const Singleton&) = delete;\n    Singleton& operator=(const Singleton&) = delete;\n};\n\nSingleton* Singleton::instance = nullptr;\nmutex Singleton::mtx;\n\nint main() {\n    Singleton* s1 = Singleton::getInstance();\n    Singleton* s2 = Singleton::getInstance();\n    \n    cout << \"s1 value: \" << s1->getValue() << endl;\n    cout << \"s2 value: \" << s2->getValue() << endl;\n    cout << \"s1 == s2: \" << (s1 == s2) << endl;\n    \n    return 0;\n}"
"создай программу с visitor pattern для обхода структуры","#include <iostream>\n#include <vector>\nusing namespace std;\n\nclass Circle;\nclass Rectangle;\n\nclass ShapeVisitor {\npublic:\n    virtual void visit(Circle* circle) = 0;\n    virtual void visit(Rectangle* rectangle) = 0;\n    virtual ~ShapeVisitor() = default;\n};\n\nclass Shape {\npublic:\n    virtual void accept(ShapeVisitor* visitor) = 0;\n    virtual ~Shape() = default;\n};\n\nclass Circle : public Shape {\npublic:\n    double radius;\n    Circle(double r) : radius(r) {}\n    \n    void accept(ShapeVisitor* visitor) override {\n        visitor->visit(this);\n    }\n};\n\nclass Rectangle : public Shape {\npublic:\n    double width, height;\n    Rectangle(double w, double h) : width(w), height(h) {}\n    \n    void accept(ShapeVisitor* visitor) override {\n        visitor->visit(this);\n    }\n};\n\nclass AreaCalculator : public ShapeVisitor {\npublic:\n    void visit(Circle* circle) override {\n        double area = 3.14159 * circle->radius * circle->radius;\n        cout << \"Площадь круга: \" << area << endl;\n    }\n    \n    void visit(Rectangle* rectangle) override {\n        double area = rectangle->width * rectangle->height;\n        cout << \"Площадь прямоугольника: \" << area << endl;\n    }\n};\n\nint main() {\n    vector<Shape*> shapes = {\n        new Circle(5.0),\n        new Rectangle(4.0, 6.0),\n        new Circle(2.5)\n    };\n    \n    AreaCalculator calculator;\n    for (Shape* shape : shapes) {\n        shape->accept(&calculator);\n    }\n    \n    for (Shape* shape : shapes) {\n        delete shape;\n    }\n    \n    return 0;\n}"
"напиши программу с observer pattern для уведомлений","#include <iostream>\n#include <vector>\n#include <algorithm>\n#include <string>\nusing namespace std;\n\nclass Observer {\npublic:\n    virtual void update(const string& message) = 0;\n    virtual ~Observer() = default;\n};\n\nclass Subject {\nprivate:\n    vector<Observer*> observers;\n    string state;\n    \npublic:\n    void attach(Observer* observer) {\n        observers.push_back(observer);\n    }\n    \n    void detach(Observer* observer) {\n        observers.erase(remove(observers.begin(), observers.end(), observer), observers.end());\n    }\n    \n    void setState(const string& newState) {\n        state = newState;\n        notify();\n    }\n    \n    void notify() {\n        for (Observer* observer : observers) {\n            observer->update(state);\n        }\n    }\n};\n\nclass ConcreteObserver : public Observer {\nprivate:\n    string name;\n    \npublic:\n    ConcreteObserver(const string& n) : name(n) {}\n    \n    void update(const string& message) override {\n        cout << name << \" получил уведомление: \" << message << endl;\n    }\n};\n\nint main() {\n    Subject subject;\n    \n    ConcreteObserver obs1(\"Наблюдатель 1\");\n    ConcreteObserver obs2(\"Наблюдатель 2\");\n    \n    subject.attach(&obs1);\n    subject.attach(&obs2);\n    \n    subject.setState(\"Состояние 1\");\n    subject.setState(\"Состояние 2\");\n    \n    subject.detach(&obs1);\n    subject.setState(\"Состояние 3\");\n    \n    return 0;\n}"
"создай программу с strategy pattern для алгоритмов сортировки","#include <iostream>\n#include <vector>\n#include <algorithm>\n#include <memory>\nusing namespace std;\n\nclass SortStrategy {\npublic:\n    virtual void sort(vector<int>& data) = 0;\n    virtual ~SortStrategy() = default;\n};\n\nclass BubbleSort : public SortStrategy {\npublic:\n    void sort(vector<int>& data) override {\n        cout << \"Сортировка пузырьком\" << endl;\n        for (size_t i = 0; i < data.size() - 1; ++i) {\n            for (size_t j = 0; j < data.size() - i - 1; ++j) {\n                if (data[j] > data[j + 1]) {\n                    swap(data[j], data[j + 1]);\n                }\n            }\n        }\n    }\n};\n\nclass QuickSort : public SortStrategy {\n    void quicksort(vector<int>& data, int left, int right) {\n        if (left < right) {\n            int pivot = data[(left + right) / 2];\n            int i = left, j = right;\n            \n            while (i <= j) {\n                while (data[i] < pivot) i++;\n                while (data[j] > pivot) j--;\n                if (i <= j) {\n                    swap(data[i], data[j]);\n                    i++;\n                    j--;\n                }\n            }\n            \n            quicksort(data, left, j);\n            quicksort(data, i, right);\n        }\n    }\n    \npublic:\n    void sort(vector<int>& data) override {\n        cout << \"Быстрая сортировка\" << endl;\n        if (!data.empty()) {\n            quicksort(data, 0, data.size() - 1);\n        }\n    }\n};\n\nclass Sorter {\nprivate:\n    unique_ptr<SortStrategy> strategy;\n    \npublic:\n    void setStrategy(unique_ptr<SortStrategy> s) {\n        strategy = move(s);\n    }\n    \n    void sort(vector<int>& data) {\n        if (strategy) {\n            strategy->sort(data);\n        }\n    }\n};\n\nint main() {\n    vector<int> data = {5, 2, 8, 1, 9, 3};\n    Sorter sorter;\n    \n    sorter.setStrategy(make_unique<BubbleSort>());\n    sorter.sort(data);\n    cout << \"Результат: \";\n    for (int n : data) cout << n << \" \";\n    cout << endl;\n    \n    data = {5, 2, 8, 1, 9, 3};\n    sorter.setStrategy(make_unique<QuickSort>());\n    sorter.sort(data);\n    cout << \"Результат: \";\n    for (int n : data) cout << n << \" \";\n    cout << endl;\n    \n    return 0;\n}"
"напиши программу с adapter pattern для совместимости интерфейсов","#include <iostream>\n#include <memory>\nusing namespace std;\n\n// Старый интерфейс\nclass LegacyRectangle {\npublic:\n    void draw(int x1, int y1, int x2, int y2) {\n        cout << \"LegacyRectangle: рисую из (\" << x1 << \",\" << y1 \n             << \") в (\" << x2 << \",\" << y2 << \")\" << endl;\n    }\n};\n\n// Новый интерфейс\nclass Shape {\npublic:\n    virtual void draw(int x, int y, int width, int height) = 0;\n    virtual ~Shape() = default;\n};\n\n// Адаптер\nclass RectangleAdapter : public Shape {\nprivate:\n    unique_ptr<LegacyRectangle> legacyRect;\n    \npublic:\n    RectangleAdapter() : legacyRect(make_unique<LegacyRectangle>()) {}\n    \n    void draw(int x, int y, int width, int height) override {\n        int x2 = x + width;\n        int y2 = y + height;\n        legacyRect->draw(x, y, x2, y2);\n    }\n};\n\nint main() {\n    unique_ptr<Shape> shape = make_unique<RectangleAdapter>();\n    shape->draw(10, 20, 50, 30);\n    \n    return 0;\n}"
"создай программу с command pattern для выполнения операций","#include <iostream>\n#include <vector>\n#include <memory>\n#include <string>\nusing namespace std;\n\nclass Command {\npublic:\n    virtual void execute() = 0;\n    virtual void undo() = 0;\n    virtual ~Command() = default;\n};\n\nclass TextEditor {\nprivate:\n    string text;\n    \npublic:\n    void addText(const string& newText) {\n        text += newText;\n    }\n    \n    void deleteText(size_t length) {\n        if (length <= text.length()) {\n            text = text.substr(0, text.length() - length);\n        }\n    }\n    \n    string getText() const {\n        return text;\n    }\n};\n\nclass AddTextCommand : public Command {\nprivate:\n    TextEditor& editor;\n    string addedText;\n    \npublic:\n    AddTextCommand(TextEditor& ed, const string& text) \n        : editor(ed), addedText(text) {}\n    \n    void execute() override {\n        editor.addText(addedText);\n        cout << \"Текст добавлен: \" << editor.getText() << endl;\n    }\n    \n    void undo() override {\n        editor.deleteText(addedText.length());\n        cout << \"Отмена: \" << editor.getText() << endl;\n    }\n};\n\nclass CommandManager {\nprivate:\n    vector<unique_ptr<Command>> history;\n    size_t current = 0;\n    \npublic:\n    void executeCommand(unique_ptr<Command> cmd) {\n        if (current < history.size()) {\n            history.resize(current);\n        }\n        cmd->execute();\n        history.push_back(move(cmd));\n        current++;\n    }\n    \n    void undo() {\n        if (current > 0) {\n            current--;\n            history[current]->undo();\n        }\n    }\n    \n    void redo() {\n        if (current < history.size()) {\n            history[current]->execute();\n            current++;\n        }\n    }\n};\n\nint main() {\n    TextEditor editor;\n    CommandManager manager;\n    \n    manager.executeCommand(make_unique<AddTextCommand>(editor, \"Hello \"));\n    manager.executeCommand(make_unique<AddTextCommand>(editor, \"World!\"));\n    \n    manager.undo();\n    manager.undo();\n    manager.redo();\n    \n    return 0;\n}"
"напиши программу с dependency injection через шаблоны","#include <iostream>\n#include <memory>\n#include <string>\nusing namespace std;\n\nclass Logger {\npublic:\n    virtual void log(const string& message) = 0;\n    virtual ~Logger() = default;\n};\n\nclass ConsoleLogger : public Logger {\npublic:\n    void log(const string& message) override {\n        cout << \"[CONSOLE] \" << message << endl;\n    }\n};\n\nclass FileLogger : public Logger {\npublic:\n    void log(const string& message) override {\n        cout << \"[FILE] \" << message << endl;\n    }\n};\n\ntemplate<typename LoggerType>\nclass Service {\nprivate:\n    unique_ptr<LoggerType> logger;\n    \npublic:\n    Service(unique_ptr<LoggerType> log) : logger(move(log)) {}\n    \n    void doWork() {\n        logger->log(\"Начало работы\");\n        // Какая-то работа\n        logger->log(\"Конец работы\");\n    }\n};\n\nint main() {\n    auto consoleService = Service<ConsoleLogger>(make_unique<ConsoleLogger>());\n    consoleService.doWork();\n    \n    auto fileService = Service<FileLogger>(make_unique<FileLogger>());\n    fileService.doWork();\n    \n    return 0;\n}"
"создай программу с type erasure для хранения любых callable объектов","#include <iostream>\n#include <memory>\n#include <functional>\nusing namespace std;\n\nclass AnyCallable {\nprivate:\n    struct Concept {\n        virtual ~Concept() = default;\n        virtual void call() = 0;\n    };\n    \n    template<typename T>\n    struct Model : Concept {\n        T callable;\n        Model(T&& c) : callable(forward<T>(c)) {}\n        void call() override { callable(); }\n    };\n    \n    unique_ptr<Concept> pimpl;\n    \npublic:\n    template<typename T>\n    AnyCallable(T&& callable) \n        : pimpl(make_unique<Model<T>>(forward<T>(callable))) {}\n    \n    void operator()() {\n        pimpl->call();\n    }\n};\n\nint main() {\n    int counter = 0;\n    \n    AnyCallable f1([]() { cout << \"Лямбда без захвата\" << endl; });\n    AnyCallable f2([&counter]() { \n        counter++;\n        cout << \"Лямбда с захватом, counter = \" << counter << endl; \n    });\n    \n    f1();\n    f2();\n    f2();\n    \n    return 0;\n}"
"напиши программу с SFINAE для условной компиляции","#include <iostream>\n#include <type_traits>\nusing namespace std;\n\n// SFINAE для типов с методом serialize()\ntemplate<typename T>\nclass has_serialize {\nprivate:\n    template<typename U>\n    static auto test(int) -> decltype(\n        declval<U>().serialize(), true_type{});\n    \n    template<typename U>\n    static false_type test(...);\n    \npublic:\n    static constexpr bool value = decltype(test<T>(0))::value;\n};\n\ntemplate<typename T>\ntypename enable_if<has_serialize<T>::value, string>::type\nserialize(const T& obj) {\n    return obj.serialize();\n}\n\ntemplate<typename T>\ntypename enable_if<!has_serialize<T>::value, string>::type\nserialize(const T& obj) {\n    return to_string(obj);\n}\n\nclass MyClass {\npublic:\n    string serialize() const {\n        return \"MyClass serialized\";\n    }\n};\n\nint main() {\n    MyClass obj;\n    int number = 42;\n    \n    cout << serialize(obj) << endl;\n    cout << serialize(number) << endl;\n    \n    return 0;\n}"
"создай программу с tag dispatching для выбора алгоритма","#include <iostream>\n#include <vector>\n#include <list>\n#include <iterator>\nusing namespace std;\n\nstruct random_access_tag {};\nstruct bidirectional_tag {};\n\ntemplate<typename Iterator>\nvoid sort_impl(Iterator first, Iterator last, random_access_tag) {\n    cout << \"Используем быструю сортировку для random access\" << endl;\n    sort(first, last);\n}\n\ntemplate<typename Iterator>\nvoid sort_impl(Iterator first, Iterator last, bidirectional_tag) {\n    cout << \"Используем сортировку слиянием для bidirectional\" << endl;\n    // Упрощенная реализация\n    vector<typename iterator_traits<Iterator>::value_type> temp(first, last);\n    sort(temp.begin(), temp.end());\n    copy(temp.begin(), temp.end(), first);\n}\n\ntemplate<typename Iterator>\nvoid my_sort(Iterator first, Iterator last) {\n    using category = typename iterator_traits<Iterator>::iterator_category;\n    sort_impl(first, last, category{});\n}\n\nint main() {\n    vector<int> vec = {5, 2, 8, 1, 9};\n    list<int> lst = {5, 2, 8, 1, 9};\n    \n    my_sort(vec.begin(), vec.end());\n    my_sort(lst.begin(), lst.end());\n    \n    cout << \"Vector: \";\n    for (int n : vec) cout << n << \" \";\n    cout << endl;\n    \n    cout << \"List: \";\n    for (int n : lst) cout << n << \" \";\n    cout << endl;\n    \n    return 0;\n}"
"напиши программу с compile-time вычислениями используя constexpr if","#include <iostream>\n#include <type_traits>\nusing namespace std;\n\ntemplate<typename T>\nconstexpr void print_type_info() {\n    if constexpr (is_integral_v<T>) {\n        if constexpr (is_signed_v<T>) {\n            cout << \"Знаковый целочисленный тип\" << endl;\n        } else {\n            cout << \"Беззнаковый целочисленный тип\" << endl;\n        }\n    } else if constexpr (is_floating_point_v<T>) {\n        cout << \"Вещественный тип\" << endl;\n    } else if constexpr (is_pointer_v<T>) {\n        cout << \"Указатель\" << endl;\n    } else {\n        cout << \"Другой тип\" << endl;\n    }\n}\n\ntemplate<size_t N>\nconstexpr size_t factorial() {\n    if constexpr (N == 0) {\n        return 1;\n    } else {\n        return N * factorial<N - 1>();\n    }\n}\n\nint main() {\n    print_type_info<int>();\n    print_type_info<double>();\n    print_type_info<int*>();\n    print_type_info<string>();\n    \n    constexpr auto fact_5 = factorial<5>();\n    cout << \"Факториал 5: \" << fact_5 << endl;\n    \n    return 0;\n}"
"создай программу с string_view для эффективной работы со строками","#include <iostream>\n#include <string>\n#include <string_view>\n#include <vector>\nusing namespace std;\n\nvector<string_view> split(string_view str, char delimiter) {\n    vector<string_view> result;\n    size_t start = 0;\n    size_t end = str.find(delimiter);\n    \n    while (end != string_view::npos) {\n        result.push_back(str.substr(start, end - start));\n        start = end + 1;\n        end = str.find(delimiter, start);\n    }\n    \n    result.push_back(str.substr(start));\n    return result;\n}\n\nvoid process_string(string_view str) {\n    cout << \"Обработка: \" << str << endl;\n    cout << \"Длина: \" << str.length() << endl;\n    cout << \"Пустая: \" << (str.empty() ? \"да\" : \"нет\") << endl;\n}\n\nint main() {\n    string long_text = \"apple,banana,cherry,date\";\n    \n    auto fruits = split(long_text, ',');\n    cout << \"Разделенные фрукты:\" << endl;\n    for (auto fruit : fruits) {\n        cout << \" - \" << fruit << endl;\n    }\n    \n    process_string(\"hello\");\n    process_string(long_text);\n    \n    string_view view = long_text;\n    cout << \"Подстрока: \" << view.substr(0, 5) << endl;\n    \n    return 0;\n}"
"напиши программу с optional для обработки отсутствующих значений","#include <iostream>\n#include <optional>\n#include <string>\nusing namespace std;\n\noptional<int> safe_divide(int a, int b) {\n    if (b == 0) {\n        return nullopt;\n    }\n    return a / b;\n}\n\noptional<string> find_user(int id) {\n    if (id == 1) return \"Alice\";\n    if (id == 2) return \"Bob\";\n    return nullopt;\n}\n\nint main() {\n    auto result1 = safe_divide(10, 2);\n    if (result1) {\n        cout << \"10 / 2 = \" << *result1 << endl;\n    } else {\n        cout << \"Деление на ноль!\" << endl;\n    }\n    \n    auto result2 = safe_divide(10, 0);\n    if (result2.has_value()) {\n        cout << \"10 / 0 = \" << result2.value() << endl;\n    } else {\n        cout << \"Деление на ноль!\" << endl;\n    }\n    \n    for (int i = 0; i < 4; ++i) {\n        auto user = find_user(i);\n        cout << \"Пользователь \" << i << \": \";\n        if (user) {\n            cout << *user << endl;\n        } else {\n            cout << \"не найден\" << endl;\n        }\n    }\n    \n    return 0;\n}"
"создай программу с variant для хранения разных типов","#include <iostream>\n#include <variant>\n#include <string>\n#include <vector>\nusing namespace std;\n\nusing Value = variant<int, double, string>;\n\nvoid print_value(const Value& val) {\n    visit([](const auto& v) {\n        cout << \"Значение: \" << v << endl;\n    }, val);\n}\n\nclass ValueProcessor {\npublic:\n    void operator()(int i) {\n        cout << \"Обработка int: \" << i * 2 << endl;\n    }\n    \n    void operator()(double d) {\n        cout << \"Обработка double: \" << d + 0.5 << endl;\n    }\n    \n    void operator()(const string& s) {\n        cout << \"Обработка string: \" << s.length() << \" символов\" << endl;\n    }\n};\n\nint main() {\n    vector<Value> values = {42, 3.14, \"hello\", 100, \"world\"};\n    \n    cout << \"Все значения:\" << endl;\n    for (const auto& val : values) {\n        print_value(val);\n    }\n    \n    cout << \"\\nОбработка:\" << endl;\n    ValueProcessor processor;\n    for (auto& val : values) {\n        visit(processor, val);\n    }\n    \n    // Проверка типа\n    Value v = \"test\";\n    if (holds_alternative<string>(v)) {\n        cout << \"\\nV содержит string: \" << get<string>(v) << endl;\n    }\n    \n    return 0;\n}"
"напиши программу с any для хранения любого типа","#include <iostream>\n#include <any>\n#include <string>\n#include <typeinfo>\n#include <vector>\nusing namespace std;\n\nvoid print_any(const any& value) {\n    if (value.type() == typeid(int)) {\n        cout << \"int: \" << any_cast<int>(value) << endl;\n    } else if (value.type() == typeid(double)) {\n        cout << \"double: \" << any_cast<double>(value) << endl;\n    } else if (value.type() == typeid(string)) {\n        cout << \"string: \" << any_cast<string>(value) << endl;\n    } else {\n        cout << \"неизвестный тип: \" << value.type().name() << endl;\n    }\n}\n\nint main() {\n    vector<any> values;\n    \n    values.push_back(42);\n    values.push_back(3.14159);\n    values.push_back(string(\"Hello\"));\n    values.push_back(true);\n    \n    cout << \"Содержимое вектора:\" << endl;\n    for (const auto& val : values) {\n        print_any(val);\n    }\n    \n    // Безопасное извлечение\n    try {\n        auto str = any_cast<string>(values[2]);\n        cout << \"\\nБезопасное извлечение: \" << str << endl;\n    } catch (const bad_any_cast& e) {\n        cout << \"Ошибка приведения типа: \" << e.what() << endl;\n    }\n    \n    // Проверка наличия значения\n    if (values[0].has_value()) {\n        cout << \"Первое значение существует\" << endl;\n    }\n    \n    return 0;\n}"
"создай программу с expected для обработки ошибок и значений","#include <iostream>\n#include <string>\n#include <system_error>\nusing namespace std;\n\n// Упрощенная реализация expected\ntemplate<typename T, typename E>\nclass expected {\nprivate:\n    union {\n        T value;\n        E error;\n    };\n    bool has_value;\n    \npublic:\n    expected(const T& v) : value(v), has_value(true) {}\n    expected(const E& e) : error(e), has_value(false) {}\n    \n    ~expected() {\n        if (has_value) {\n            value.~T();\n        } else {\n            error.~E();\n        }\n    }\n    \n    bool hasValue() const { return has_value; }\n    \n    T& getValue() {\n        if (!has_value) throw runtime_error(\"Нет значения\");\n        return value;\n    }\n    \n    const E& getError() const {\n        if (has_value) throw runtime_error(\"Нет ошибки\");\n        return error;\n    }\n    \n    explicit operator bool() const { return has_value; }\n};\n\nenum class FileError {\n    NotFound,\n    PermissionDenied,\n    IOError\n};\n\nexpected<string, FileError> read_file(const string& filename) {\n    if (filename == \"data.txt\") {\n        return \"содержимое файла\";\n    } else {\n        return FileError::NotFound;\n    }\n}\n\nint main() {\n    auto result1 = read_file(\"data.txt\");\n    if (result1) {\n        cout << \"Успех: \" << result1.getValue() << endl;\n    } else {\n        cout << \"Ошибка: файл не найден\" << endl;\n    }\n    \n    auto result2 = read_file(\"missing.txt\");\n    if (result2) {\n        cout << \"Успех: \" << result2.getValue() << endl;\n    } else {\n        cout << \"Ошибка: файл не найден\" << endl;\n    }\n    \n    return 0;\n}"
"напиши программу с span для работы с непрерывными последовательностями","#include <iostream>\n#include <span>\n#include <vector>\n#include <array>\nusing namespace std;\n\nvoid print_span(span<const int> data) {\n    cout << \"Элементы: \";\n    for (int value : data) {\n        cout << value << \" \";\n    }\n    cout << endl;\n    cout << \"Размер: \" << data.size() << endl;\n    cout << \"Пустой: \" << (data.empty() ? \"да\" : \"нет\") << endl;\n}\n\nvoid process_subspan(span<int> data) {\n    if (data.size() >= 3) {\n        auto sub = data.subspan(1, data.size() - 2);\n        cout << \"Поддиапазон: \";\n        for (int& value : sub) {\n            value *= 2; // Модифицируем исходные данные\n        }\n        for (int value : sub) {\n            cout << value << \" \";\n        }\n        cout << endl;\n    }\n}\n\nint main() {\n    vector<int> vec = {1, 2, 3, 4, 5, 6, 7, 8, 9, 10};\n    array<int, 5> arr = {10, 20, 30, 40, 50};\n    \n    cout << \"Вектор:\" << endl;\n    print_span(span(vec));\n    \n    cout << \"\\nМассив:\" << endl;\n    print_span(span(arr));\n    \n    cout << \"\\nОбработка поддиапазона:\" << endl;\n    process_subspan(span(vec));\n    cout << \"После обработки: \";\n    for (int value : vec) {\n        cout << value << \" \";\n    }\n    cout << endl;\n    \n    return 0;\n}"
"создай программу с format для современного форматирования строк","#include <iostream>\n#include <format>\n#include <string>\n#include <numbers>\nusing namespace std;\n\nint main() {\n    string name = \"Alice\";\n    int age = 30;\n    double salary = 12345.6789;\n    \n    // Базовое форматирование\n    auto message1 = format(\"Привет, {}! Тебе {} лет.\", name, age);\n    cout << message1 << endl;\n    \n    // Форматирование чисел\n    auto message2 = format(\"Зарплата: {:.2f} рублей\", salary);\n    cout << message2 << endl;\n    \n    // Выравнивание\n    auto message3 = format(\"Имя: {:>10}\", name);\n    cout << message3 << endl;\n    \n    // Разные системы счисления\n    auto message4 = format(\"Десятичное: {}, Шестнадцатеричное: {:x}, Двоичное: {:b}\", 255, 255, 255);\n    cout << message4 << endl;\n    \n    // Даты и время (C++20)\n    auto message5 = format(\"Число Пи: {:.5f}\", numbers::pi);\n    cout << message5 << endl;\n    \n    // Позиционные аргументы\n    auto message6 = format(\"{1} лет, {0} зарплата\", salary, age);\n    cout << message6 << endl;\n    \n    return 0;\n}"
"напиши программу с source_location для отладки","#include <iostream>\n#include <source_location>\n#include <string>\nusing namespace std;\n\nvoid log(const string& message, \n         const source_location location = source_location::current()) {\n    cout << \"Файл: \" << location.file_name() \n         << \"(\" << location.line() << \":\" << location.column() << \")\"\n         << \" функция: \" << location.function_name()\n         << \"\\nСообщение: \" << message << endl;\n}\n\nclass Debugger {\npublic:\n    Debugger(const source_location location = source_location::current()) {\n        log(\"Объект создан\", location);\n    }\n    \n    ~Debugger() {\n        log(\"Объект уничтожен\");\n    }\n    \n    void method() {\n        log(\"Метод вызван\");\n    }\n};\n\nvoid test_function() {\n    log(\"Внутри test_function\");\n    Debugger debug;\n    debug.method();\n}\n\nint main() {\n    log(\"Начало программы\");\n    test_function();\n    log(\"Конец программы\");\n    \n    return 0;\n}"
"создай программу с bit_cast для безопасного преобразования типов","#include <iostream>\n#include <bit>\n#include <cstring>\n#include <iomanip>\nusing namespace std;\n\nint main() {\n    float f = 3.14159f;\n    \n    // Безопасное преобразование float -> int\n    auto i = bit_cast<int>(f);\n    \n    cout << \"Исходное float: \" << f << endl;\n    cout << \"Преобразованное int: \" << i << endl;\n    cout << \"Шестнадцатеричное представление: 0x\" \n         << hex << i << dec << endl;\n    \n    // Обратное преобразование\n    auto f2 = bit_cast<float>(i);\n    cout << \"Восстановленное float: \" << f2 << endl;\n    \n    // Сравнение с memcpy (старый способ)\n    int i_old;\n    memcpy(&i_old, &f, sizeof(f));\n    cout << \"Через memcpy: \" << i_old << endl;\n    cout << \"Результаты совпадают: \" << (i == i_old) << endl;\n    \n    // Работа с double\n    double d = 2.71828;\n    auto l = bit_cast<uint64_t>(d);\n    cout << \"\\nDouble: \" << d << endl;\n    cout << \"Как uint64_t: 0x\" << hex << l << dec << endl;\n    \n    return 0;\n}"
"напиши программу с endian для определения порядка байтов","#include <iostream>\n#include <bit>\n#include <cstdint>\nusing namespace std;\n\nconst char* endian_to_string(endian e) {\n    switch (e) {\n        case endian::little: return \"little-endian\";\n        case endian::big: return \"big-endian\";\n        case endian::native: return \"native\";\n        default: return \"mixed-endian\";\n    }\n}\n\nbool is_little_endian() {\n    return endian::native == endian::little;\n}\n\nbool is_big_endian() {\n    return endian::native == endian::big;\n}\n\nuint32_t swap_endian(uint32_t value) {\n    return ((value & 0x000000FF) << 24) |\n           ((value & 0x0000FF00) << 8) |\n           ((value & 0x00FF0000) >> 8) |\n           ((value & 0xFF000000) >> 24);\n}\n\nint main() {\n    cout << \"Порядок байтов системы: \" << endian_to_string(endian::native) << endl;\n    cout << \"Little-endian: \" << (is_little_endian() ? \"да\" : \"нет\") << endl;\n    cout << \"Big-endian: \" << (is_big_endian() ? \"да\" : \"нет\") << endl;\n    \n    // Проверка на конкретном числе\n    uint32_t test_value = 0x12345678;\n    cout << \"\\nИсходное значение: 0x\" << hex << test_value << dec << endl;\n    \n    if (is_little_endian()) {\n        cout << \"Система little-endian - порядок байтов обратный\" << endl;\n        uint32_t swapped = swap_endian(test_value);\n        cout << \"После смены endian: 0x\" << hex << swapped << dec << endl;\n    } else {\n        cout << \"Система big-endian - порядок байтов прямой\" << endl;\n    }\n    \n    // Проверка с помощью union\n    union {\n        uint32_t i;\n        uint8_t c[4];\n    } test_union;\n    \n    test_union.i = 0x01020304;\n    cout << \"\\nПроверка через union:\" << endl;\n    cout << \"Байты: \";\n    for (int i = 0; i < 4; ++i) {\n        cout << \"0x\" << hex << (int)test_union.c[i] << \" \";\n    }\n    cout << dec << endl;\n    \n    return 0;\n}"
"создай программу с counting_semaphore для синхронизации потоков","#include <iostream>\n#include <thread>\n#include <semaphore>\n#include <vector>\n#include <chrono>\nusing namespace std;\n\ncounting_semaphore<5> semaphore(3); // Максимум 5, начальное значение 3\n\nvoid worker(int id) {\n    cout << \"Поток \" << id << \" пытается войти\" << endl;\n    semaphore.acquire();\n    \n    cout << \"Поток \" << id << \" вошел в критическую секцию\" << endl;\n    this_thread::sleep_for(chrono::milliseconds(1000));\n    \n    cout << \"Поток \" << id << \" выходит\" << endl;\n    semaphore.release();\n}\n\nint main() {\n    vector<thread> threads;\n    \n    for (int i = 0; i < 10; ++i) {\n        threads.emplace_back(worker, i);\n    }\n    \n    for (auto& t : threads) {\n        t.join();\n    }\n    \n    cout << \"Все потоки завершили работу\" << endl;\n    return 0;\n}"
"напиши программу с barrier для синхронизации группы потоков","#include <iostream>\n#include <thread>\n#include <barrier>\n#include <vector>\n#include <chrono>\nusing namespace std;\n\nbarrier sync_point(3, []() noexcept {\n    cout << \"Все потоки достигли барьера!\" << endl;\n});\n\nvoid worker(int id) {\n    cout << \"Поток \" << id << \" начал фазу 1\" << endl;\n    this_thread::sleep_for(chrono::milliseconds(100 * id));\n    \n    sync_point.arrive_and_wait();\n    \n    cout << \"Поток \" << id << \" начал фазу 2\" << endl;\n    this_thread::sleep_for(chrono::milliseconds(50 * id));\n    \n    sync_point.arrive_and_wait();\n    \n    cout << \"Поток \" << id << \" завершил работу\" << endl;\n}\n\nint main() {\n    vector<thread> threads;\n    \n    for (int i = 0; i < 3; ++i) {\n        threads.emplace_back(worker, i);\n    }\n    \n    for (auto& t : threads) {\n        t.join();\n    }\n    \n    cout << \"Все потоки завершили работу\" << endl;\n    return 0;\n}"